Aurelia Vance	Midnight Circuit (Extended Mix)	372	126	8A
Basement Theory	Low Orbit	348	124	5A
Cassia Lune	Glass Hearts	296	122	10B
Delta Fold	Pressure Systems	360	128	8A
Echo Harbour	Tidal Lock	320	125	9A
Faultline Radio	Static Bloom	360	128	9A
Halcyon Drift	Night Swim	422	120	3B
Iris Kade	Neon Prayer	335	127	11A
Juno Vale	Afterglow (Club Edit)	378	126	4A
Kestrel & Vane	Overpass	355	130	6A
Lumen Society	Signal Fire	387	128	8B
Marrow	Concrete Garden	434	124	2A
Nova Hollis	Weightless	342	123	12B
Oblique Strategy	Second Wind	393	129	9B
Paper Satellites	Run The Lights	318	128	7A
Quartz Avenue	Velvet Machine	401	126	1A
Rhea Solano	Into The Blue (Dub)	366	122	4B
Saint Ellery	Halflight	352	127	10A
